turfName,turfArea,customerName,customerMobile,inTime,outTime,date
TURF 10,AUNDH,Allen T,9865471230,08:00,10:00,2019-03-01
TURF 10,AUNDH,Baglane H,9865361230,10:00,11:00,2019-03-02
TURF 10,AUNDH,Chris E,8765361287,13:00,15:00,2019-03-02
TURF 10,AUNDH,Dheeraj P,8654790123,09:00,11:00,2019-03-03
TURF 10,AUNDH,Elon M,7963254108,11:00,12:00,2019-03-03
TURF 10,AUNDH,Farhan Q,8605030087,14:00,16:00,2019-03-05
TURF 10,AUNDH,Gaurav G,7040991628,16:00,17:00,2019-03-06
TURF 10,AUNDH,Harshal P,9860351115,17:00,19:00,2019-03-08
TURF 10,AUNDH,Ishaan P,9637850011,20:00,21:00,2019-03-09
TURF 10,AUNDH,Jagdish G,9860006342,15:00,16:00,2019-03-10
TURF 10,AUNDH,Kiran M,9860062220,12:00,14:00,2019-03-10
TURF 10,AUNDH,Lalit B,8999705409,09:00,10:00,2019-03-11
TURF 10,AUNDH,Manish P,9867432510,11:00,13:00,2019-03-12
TURF 10,AUNDH,Nagarjun K,8412988874,18:00,20:00,2019-03-14
TURF 10,AUNDH,Onkar,9890290908,19:00,21:00,2019-03-15
TURF 10,AUNDH,Pratik N,8000800098,08:00,10:00,2019-03-16
TURF 10,AUNDH,Qureshi K,9876543210,10:00,11:00,2019-03-17
TURF 10,AUNDH,Ramesh R,7968541230,13:00,15:00,2019-03-18
TURF 10,AUNDH,Suresh V,8532104796,09:00,11:00,2019-03-19
TURF 10,AUNDH,Tyron B,7986534210,11:00,12:00,2019-03-20
TURF 10,AUNDH,Ullyysess K,9874562130,14:00,16:00,2019-03-21
TURF 10,AUNDH,Vijay C,9819194683,16:00,17:00,2019-03-23
TURF 10,AUNDH,Walunjkar S,8668641861,17:00,19:00,2019-03-23
TURF 10,AUNDH,Xander C,9511620478,20:00,21:00,2019-03-24
TURF 10,AUNDH,Yash N,9860206327,15:00,16:00,2019-03-24
TURF 10,AUNDH,Zaid M,9860268970,12:00,14:00,2019-03-25
TURF 10,AUNDH,Dheeraj P,8654790123,09:00,10:00,2019-03-26
TURF 10,AUNDH,Elon M,7963254108,11:00,13:00,2019-03-28
TURF 10,AUNDH,Farhan Q,8605030087,18:00,20:00,2019-03-29
TURF 10,AUNDH,Gaurav G,7040991628,19:00,21:00,2019-03-30
TURF 10,AUNDH,Harshal P,9860351115,20:00,21:00,2019-03-31
TURF 10,AUNDH,Ishaan P,9637850011,15:00,16:00,2019-04-01
TURF 10,AUNDH,Jagdish G,9860006342,12:00,14:00,2019-04-03
TURF 10,AUNDH,Kiran M,9860062220,09:00,10:00,2019-04-06
TURF 10,AUNDH,Lalit B,8999705409,11:00,13:00,2019-04-14
TURF 10,WAKAD,Manish P,9867432510,18:00,20:00,2019-03-01
TURF 10,WAKAD,Nagarjun K,8412988874,19:00,21:00,2019-03-02
TURF 10,WAKAD,Onkar,9890290908,08:00,10:00,2019-03-02
TURF 10,WAKAD,Pratik N,8000800098,10:00,11:00,2019-03-03
TURF 10,WAKAD,Qureshi K,9876543210,13:00,15:00,2019-03-03
TURF 10,WAKAD,Allen T,9865471230,09:00,11:00,2019-03-05
TURF 10,WAKAD,Baglane H,9865361230,11:00,12:00,2019-03-06
TURF 10,WAKAD,Chris E,8765361287,14:00,16:00,2019-03-08
TURF 10,WAKAD,Dheeraj P,8654790123,16:00,17:00,2019-03-09
TURF 10,WAKAD,Elon M,7963254108,17:00,19:00,2019-03-10
TURF 10,WAKAD,Farhan Q,8605030087,20:00,21:00,2019-03-10
TURF 10,WAKAD,Gaurav G,7040991628,10:00,11:00,2019-03-11
TURF 10,WAKAD,Harshal P,9860351115,13:00,15:00,2019-03-12
TURF 10,WAKAD,Ishaan P,9637850011,09:00,11:00,2019-03-14
TURF 10,WAKAD,Jagdish G,9860006342,11:00,12:00,2019-03-15
TURF 10,WAKAD,Kiran M,9860062220,14:00,16:00,2019-03-16
TURF 10,WAKAD,Lalit B,8999705409,16:00,17:00,2019-03-17
TURF 10,WAKAD,Manish P,9867432510,17:00,19:00,2019-03-18
TURF 10,WAKAD,Jagdish G,9860006342,20:00,21:00,2019-03-19
TURF 10,WAKAD,Kiran M,9860062220,15:00,16:00,2019-03-20
TURF 10,WAKAD,Lalit B,8999705409,12:00,14:00,2019-03-21
TURF 10,WAKAD,Manish P,9867432510,09:00,10:00,2019-03-23
TURF 10,WAKAD,Nagarjun K,8412988874,11:00,13:00,2019-03-23
TURF 10,WAKAD,Onkar,9890290908,18:00,20:00,2019-03-24
TURF 10,WAKAD,Pratik N,8000800098,19:00,21:00,2019-03-24
TURF 10,WAKAD,Qureshi K,9876543210,08:00,10:00,2019-03-25
TURF 10,WAKAD,Ramesh R,7968541230,10:00,11:00,2019-03-26
TURF 10,WAKAD,Suresh V,8532104796,13:00,15:00,2019-03-28
TURF 10,WAKAD,Tyron B,7986534210,09:00,11:00,2019-03-29
TURF 10,WAKAD,Ullyysess K,9874562130,11:00,12:00,2019-03-30
TURF 10,WAKAD,Vijay C,9819194683,14:00,16:00,2019-03-31
TURF 10,WAKAD,Walunjkar S,8668641861,16:00,17:00,2019-04-01
TURF 10,WAKAD,Xander C,9511620478,17:00,19:00,2019-04-03
TURF 10,WAKAD,Yash N,9860206327,20:00,21:00,2019-04-06
TURF 10,WAKAD,Zaid M,9860268970,15:00,16:00,2019-04-14
DON BOSCO,YERAWADA,Allen T,9865471230,12:00,14:00,2019-03-01
DON BOSCO,YERAWADA,Baglane H,9865361230,09:00,10:00,2019-03-02
DON BOSCO,YERAWADA,Chris E,8765361287,11:00,13:00,2019-03-02
DON BOSCO,YERAWADA,Dheeraj P,8654790123,18:00,20:00,2019-03-03
DON BOSCO,YERAWADA,Elon M,7963254108,19:00,21:00,2019-03-03
DON BOSCO,YERAWADA,Farhan Q,8605030087,20:00,21:00,2019-03-05
DON BOSCO,YERAWADA,Gaurav G,7040991628,15:00,16:00,2019-03-06
DON BOSCO,YERAWADA,Harshal P,9860351115,12:00,14:00,2019-03-08
DON BOSCO,YERAWADA,Ishaan P,9637850011,09:00,10:00,2019-03-09
DON BOSCO,YERAWADA,Jagdish G,9860006342,11:00,13:00,2019-03-10
DON BOSCO,YERAWADA,Kiran M,9860062220,18:00,20:00,2019-03-10
DON BOSCO,YERAWADA,Lalit B,8999705409,19:00,21:00,2019-03-11
DON BOSCO,YERAWADA,Manish P,9867432510,08:00,10:00,2019-03-12
DON BOSCO,YERAWADA,Nagarjun K,8412988874,10:00,11:00,2019-03-14
DON BOSCO,YERAWADA,Onkar,9890290908,13:00,15:00,2019-03-15
DON BOSCO,YERAWADA,Pratik N,8000800098,09:00,11:00,2019-03-16
DON BOSCO,YERAWADA,Qureshi K,9876543210,11:00,12:00,2019-03-17
DON BOSCO,YERAWADA,Ramesh R,7968541230,14:00,16:00,2019-03-18
DON BOSCO,YERAWADA,Suresh V,8532104796,16:00,17:00,2019-03-19
DON BOSCO,YERAWADA,Tyron B,7986534210,17:00,19:00,2019-03-20
DON BOSCO,YERAWADA,Ullyysess K,9874562130,09:00,10:00,2019-03-21
DON BOSCO,YERAWADA,Vijay C,9819194683,11:00,13:00,2019-03-23
DON BOSCO,YERAWADA,Walunjkar S,8668641861,18:00,20:00,2019-03-23
DON BOSCO,YERAWADA,Xander C,9511620478,19:00,21:00,2019-03-24
DON BOSCO,YERAWADA,Yash N,9860206327,08:00,10:00,2019-03-24
DON BOSCO,YERAWADA,Zaid M,9860268970,10:00,11:00,2019-03-25
DON BOSCO,YERAWADA,Dheeraj P,8654790123,13:00,15:00,2019-03-26
DON BOSCO,KALYANINAGAR,Elon M,7963254108,09:00,11:00,2019-03-01
DON BOSCO,KALYANINAGAR,Farhan Q,8605030087,11:00,12:00,2019-03-02
DON BOSCO,KALYANINAGAR,Gaurav G,7040991628,14:00,16:00,2019-03-02
DON BOSCO,KALYANINAGAR,Harshal P,9860351115,16:00,17:00,2019-03-03
DON BOSCO,KALYANINAGAR,Ishaan P,9637850011,17:00,19:00,2019-03-03
DON BOSCO,KALYANINAGAR,Jagdish G,9860006342,20:00,21:00,2019-03-05
DON BOSCO,KALYANINAGAR,Kiran M,9860062220,10:00,11:00,2019-03-06
DON BOSCO,KALYANINAGAR,Lalit B,8999705409,13:00,15:00,2019-03-08
DON BOSCO,KALYANINAGAR,Manish P,9867432510,09:00,11:00,2019-03-09
DON BOSCO,KALYANINAGAR,Nagarjun K,8412988874,11:00,12:00,2019-03-10
DON BOSCO,KALYANINAGAR,Onkar,9890290908,14:00,16:00,2019-03-10
DON BOSCO,KALYANINAGAR,Pratik N,8000800098,16:00,17:00,2019-03-11
DON BOSCO,KALYANINAGAR,Qureshi K,9876543210,17:00,19:00,2019-03-12
DON BOSCO,KALYANINAGAR,Allen T,9865471230,20:00,21:00,2019-03-14
DON BOSCO,KALYANINAGAR,Baglane H,9865361230,15:00,16:00,2019-03-15
DON BOSCO,KALYANINAGAR,Chris E,8765361287,12:00,14:00,2019-03-16
DON BOSCO,KALYANINAGAR,Dheeraj P,8654790123,09:00,10:00,2019-03-17
DON BOSCO,KALYANINAGAR,Elon M,7963254108,11:00,13:00,2019-03-18
DON BOSCO,KALYANINAGAR,Farhan Q,8605030087,18:00,20:00,2019-03-19
DON BOSCO,KALYANINAGAR,Gaurav G,7040991628,19:00,21:00,2019-03-20
DON BOSCO,KALYANINAGAR,Harshal P,9860351115,08:00,10:00,2019-03-21
DON BOSCO,KALYANINAGAR,Ishaan P,9637850011,10:00,11:00,2019-03-23
DON BOSCO,KALYANINAGAR,Jagdish G,9860006342,13:00,15:00,2019-03-23
DON BOSCO,KALYANINAGAR,Kiran M,9860062220,09:00,11:00,2019-03-24
DON BOSCO,KALYANINAGAR,Lalit B,8999705409,11:00,12:00,2019-03-24
DON BOSCO,KALYANINAGAR,Manish P,9867432510,14:00,16:00,2019-03-25
DON BOSCO,KALYANINAGAR,Jagdish G,9860006342,16:00,17:00,2019-03-26
DON BOSCO,KALYANINAGAR,Kiran M,9860062220,17:00,19:00,2019-03-28
DON BOSCO,KALYANINAGAR,Lalit B,8999705409,20:00,21:00,2019-03-29
DON BOSCO,KALYANINAGAR,Manish P,9867432510,15:00,16:00,2019-03-30
DON BOSCO,KALYANINAGAR,Nagarjun K,8412988874,12:00,14:00,2019-03-31
DON BOSCO,KALYANINAGAR,Onkar,9890290908,09:00,10:00,2019-04-01
DON BOSCO,KALYANINAGAR,Pratik N,8000800098,11:00,13:00,2019-04-03
DON BOSCO,KALYANINAGAR,Qureshi K,9876543210,18:00,20:00,2019-04-06
HIGH TURF FC,KOTHRUD,Ramesh R,7968541230,19:00,21:00,2019-03-01
HIGH TURF FC,KOTHRUD,Suresh V,8532104796,20:00,21:00,2019-03-02
HIGH TURF FC,KOTHRUD,Tyron B,7986534210,15:00,16:00,2019-03-02
HIGH TURF FC,KOTHRUD,Ullyysess K,9874562130,12:00,14:00,2019-03-03
HIGH TURF FC,KOTHRUD,Vijay C,9819194683,09:00,10:00,2019-03-03
HIGH TURF FC,KOTHRUD,Walunjkar S,8668641861,11:00,13:00,2019-03-05
HIGH TURF FC,KOTHRUD,Xander C,9511620478,18:00,20:00,2019-03-06
HIGH TURF FC,KOTHRUD,Yash N,9860206327,19:00,21:00,2019-03-08
HIGH TURF FC,KOTHRUD,Zaid M,9860268970,08:00,10:00,2019-03-09
HIGH TURF FC,KOTHRUD,Farhan Q,8605030087,10:00,11:00,2019-03-10
HIGH TURF FC,KOTHRUD,Gaurav G,7040991628,13:00,15:00,2019-03-10
HIGH TURF FC,KOTHRUD,Harshal P,9860351115,09:00,11:00,2019-03-11
HIGH TURF FC,KOTHRUD,Ishaan P,9637850011,11:00,12:00,2019-03-12
HIGH TURF FC,KOTHRUD,Jagdish G,9860006342,14:00,16:00,2019-03-14
HIGH TURF FC,KOTHRUD,Kiran M,9860062220,16:00,17:00,2019-03-15
HIGH TURF FC,KOTHRUD,Lalit B,8999705409,17:00,19:00,2019-03-16
HIGH TURF FC,KOTHRUD,Manish P,9867432510,08:00,10:00,2019-03-17
HIGH TURF FC,KOTHRUD,Nagarjun K,8412988874,10:00,11:00,2019-03-18
HIGH TURF FC,KOTHRUD,Onkar,9890290908,13:00,15:00,2019-03-19
HIGH TURF FC,KOTHRUD,Pratik N,8000800098,09:00,11:00,2019-03-20
HIGH TURF FC,KOTHRUD,Qureshi K,9876543210,11:00,12:00,2019-03-21
HIGH TURF FC,KOTHRUD,Ramesh R,7968541230,14:00,16:00,2019-03-23
HIGH TURF FC,KOTHRUD,Suresh V,8532104796,16:00,17:00,2019-03-23
HIGH TURF FC,KOTHRUD,Tyron B,7986534210,17:00,19:00,2019-03-24
HIGH TURF FC,KOTHRUD,Ullyysess K,9874562130,20:00,21:00,2019-03-24
HIGH TURF FC,KOTHRUD,Vijay C,9819194683,15:00,16:00,2019-03-25
HIGH TURF FC,KOTHRUD,Walunjkar S,8668641861,12:00,14:00,2019-03-26
HIGH TURF FC,KOTHRUD,Xander C,9511620478,09:00,10:00,2019-03-28
HIGH TURF FC,KOTHRUD,Yash N,9860206327,11:00,13:00,2019-03-29
HIGH TURF FC,KOTHRUD,Zaid M,9860268970,18:00,20:00,2019-03-30
HIGH TURF FC,KOTHRUD,Dheeraj P,8654790123,19:00,21:00,2019-03-31
HIGH TURF FC,KOTHRUD,Elon M,7963254108,08:00,10:00,2019-04-01
HIGH TURF FC,KOTHRUD,Farhan Q,8605030087,10:00,11:00,2019-04-03
HIGH TURF FC,KOTHRUD,Gaurav G,7040991628,13:00,15:00,2019-04-05
HIGH TURF FC,KOTHRUD,Harshal P,9860351115,09:00,11:00,2019-04-06
HIGH TURF FC,KOTHRUD,Ishaan P,9637850011,11:00,12:00,2019-04-06
HIGH TURF FC,KOTHRUD,Jagdish G,9860006342,14:00,16:00,2019-04-07
HIGH TURF FC,KOTHRUD,Kiran M,9860062220,16:00,17:00,2019-04-07
HIGH TURF FC,KOTHRUD,Lalit B,8999705409,17:00,19:00,2019-04-08
HIGH TURF FC,KOTHRUD,Manish P,9867432510,20:00,21:00,2019-04-09
HIGH TURF FC,KOTHRUD,Nagarjun K,8412988874,15:00,16:00,2019-04-10
HIGH TURF FC,KOTHRUD,Onkar,9890290908,12:00,14:00,2019-04-12
HIGH TURF FC,KOTHRUD,Pratik N,8000800098,09:00,10:00,2019-04-13
HIGH TURF FC,KOTHRUD,Qureshi K,9876543210,11:00,13:00,2019-04-14
HIGH TURF FC,KOTHRUD,Allen T,9865471230,18:00,20:00,2019-04-14
HIGH TURF FC,KOTHRUD,Baglane H,9865361230,19:00,21:00,2019-04-15
HIGH TURF FC,AKURDI,Chris E,8765361287,20:00,21:00,2019-03-01
HIGH TURF FC,AKURDI,Dheeraj P,8654790123,15:00,16:00,2019-03-02
HIGH TURF FC,AKURDI,Elon M,7963254108,12:00,14:00,2019-03-02
HIGH TURF FC,AKURDI,Farhan Q,8605030087,09:00,10:00,2019-03-03
HIGH TURF FC,AKURDI,Gaurav G,7040991628,11:00,13:00,2019-03-03
HIGH TURF FC,AKURDI,Harshal P,9860351115,18:00,20:00,2019-03-05
HIGH TURF FC,AKURDI,Ishaan P,9637850011,19:00,21:00,2019-03-06
HIGH TURF FC,AKURDI,Jagdish G,9860006342,08:00,10:00,2019-03-08
HIGH TURF FC,AKURDI,Kiran M,9860062220,10:00,11:00,2019-03-09
HIGH TURF FC,AKURDI,Lalit B,8999705409,13:00,15:00,2019-03-10
HIGH TURF FC,AKURDI,Manish P,9867432510,09:00,11:00,2019-03-10
HIGH TURF FC,AKURDI,Jagdish G,9860006342,11:00,12:00,2019-03-11
HIGH TURF FC,AKURDI,Kiran M,9860062220,14:00,16:00,2019-03-12
HIGH TURF FC,AKURDI,Lalit B,8999705409,16:00,17:00,2019-03-14
HIGH TURF FC,AKURDI,Manish P,9867432510,17:00,19:00,2019-03-15
HIGH TURF FC,AKURDI,Nagarjun K,8412988874,20:00,21:00,2019-03-16
HIGH TURF FC,AKURDI,Allen T,9865471230,10:00,11:00,2019-03-17
HIGH TURF FC,AKURDI,Baglane H,9865361230,13:00,15:00,2019-03-18
HIGH TURF FC,AKURDI,Chris E,8765361287,09:00,11:00,2019-03-19
HIGH TURF FC,AKURDI,Dheeraj P,8654790123,11:00,12:00,2019-03-20
HIGH TURF FC,AKURDI,Elon M,7963254108,14:00,16:00,2019-03-21
HIGH TURF FC,AKURDI,Farhan Q,8605030087,16:00,17:00,2019-03-23
HIGH TURF FC,AKURDI,Gaurav G,7040991628,17:00,19:00,2019-03-23
HIGH TURF FC,AKURDI,Harshal P,9860351115,20:00,21:00,2019-03-24
HIGH TURF FC,AKURDI,Ishaan P,9637850011,15:00,16:00,2019-03-24
HIGH TURF FC,AKURDI,Jagdish G,9860006342,12:00,14:00,2019-03-25
HIGH TURF FC,AKURDI,Kiran M,9860062220,09:00,10:00,2019-03-26
HIGH TURF FC,AKURDI,Lalit B,8999705409,11:00,13:00,2019-03-28
HIGH TURF FC,AKURDI,Manish P,9867432510,18:00,20:00,2019-03-29
HIGH TURF FC,AKURDI,Nagarjun K,8412988874,19:00,21:00,2019-03-30
HIGH TURF FC,AKURDI,Onkar,9890290908,08:00,10:00,2019-03-31
HIGH TURF FC,AKURDI,Pratik N,8000800098,10:00,11:00,2019-04-01
HIGH TURF FC,AKURDI,Qureshi K,9876543210,13:00,15:00,2019-04-03
HIGH TURF FC,AKURDI,Ramesh R,7968541230,09:00,11:00,2019-04-05
HIGH TURF FC,AKURDI,Suresh V,8532104796,11:00,12:00,2019-04-06
HIGH TURF FC,AKURDI,Tyron B,7986534210,14:00,16:00,2019-04-06
HIGH TURF FC,AKURDI,Ullyysess K,9874562130,16:00,17:00,2019-04-07
HIGH TURF FC,AKURDI,Vijay C,9819194683,17:00,19:00,2019-04-07
HIGH TURF FC,AKURDI,Walunjkar S,8668641861,20:00,21:00,2019-04-08
HIGH TURF FC,AKURDI,Xander C,9511620478,15:00,16:00,2019-04-09
HIGH TURF FC,AKURDI,Yash N,9860206327,12:00,14:00,2019-04-10
HIGH TURF FC,AKURDI,Zaid M,9860268970,09:00,10:00,2019-04-12
HIGH TURF FC,AKURDI,Dheeraj P,8654790123,11:00,13:00,2019-04-13
HIGH TURF FC,AKURDI,Elon M,7963254108,18:00,20:00,2019-04-14
HIGH TURF FC,AKURDI,Farhan Q,8605030087,19:00,21:00,2019-04-14
HIGH TURF FC,AKURDI,Gaurav G,7040991628,20:00,21:00,2019-04-15
HIGH TURF FC,AKURDI,Harshal P,9860351115,15:00,16:00,2019-04-16
HIGH TURF FC,AKURDI,Ishaan P,9637850011,12:00,14:00,2019-04-17
HIGH TURF FC,AKURDI,Jagdish G,9860006342,09:00,10:00,2019-04-18
HIGH TURF FC,AKURDI,Kiran M,9860062220,11:00,13:00,2019-04-19
HIGH TURF FC,AKURDI,Lalit B,8999705409,18:00,20:00,2019-04-20
HIGH TURF FC,AKURDI,Manish P,9867432510,19:00,21:00,2019-04-21
HIGH TURF FC,AKURDI,Nagarjun K,8412988874,08:00,10:00,2019-04-22
HIGH TURF FC,AKURDI,Onkar,9890290908,10:00,11:00,2019-04-23
KICK OFF ARENA ,SHIVAJINAGAR,Pratik N,8000800098,13:00,15:00,2019-03-01
KICK OFF ARENA ,SHIVAJINAGAR,Qureshi K,9876543210,09:00,11:00,2019-03-02
KICK OFF ARENA ,SHIVAJINAGAR,Allen T,9865471230,11:00,12:00,2019-03-02
KICK OFF ARENA ,SHIVAJINAGAR,Baglane H,9865361230,14:00,16:00,2019-03-03
KICK OFF ARENA ,SHIVAJINAGAR,Chris E,8765361287,16:00,17:00,2019-03-03
KICK OFF ARENA ,SHIVAJINAGAR,Dheeraj P,8654790123,17:00,19:00,2019-03-05
KICK OFF ARENA ,SHIVAJINAGAR,Elon M,7963254108,09:00,10:00,2019-03-06
KICK OFF ARENA ,SHIVAJINAGAR,Farhan Q,8605030087,11:00,13:00,2019-03-08
KICK OFF ARENA ,SHIVAJINAGAR,Gaurav G,7040991628,18:00,20:00,2019-03-09
KICK OFF ARENA ,SHIVAJINAGAR,Harshal P,9860351115,19:00,21:00,2019-03-10
KICK OFF ARENA ,SHIVAJINAGAR,Ishaan P,9637850011,08:00,10:00,2019-03-10
KICK OFF ARENA ,SHIVAJINAGAR,Jagdish G,9860006342,10:00,11:00,2019-03-11
KICK OFF ARENA ,SHIVAJINAGAR,Kiran M,9860062220,13:00,15:00,2019-03-12
KICK OFF ARENA ,SHIVAJINAGAR,Lalit B,8999705409,09:00,11:00,2019-03-14
KICK OFF ARENA ,SHIVAJINAGAR,Manish P,9867432510,11:00,12:00,2019-03-15
KICK OFF ARENA ,SHIVAJINAGAR,Jagdish G,9860006342,14:00,16:00,2019-03-16
KICK OFF ARENA ,SHIVAJINAGAR,Kiran M,9860062220,16:00,17:00,2019-03-17
KICK OFF ARENA ,SHIVAJINAGAR,Lalit B,8999705409,17:00,19:00,2019-03-18
KICK OFF ARENA ,SHIVAJINAGAR,Manish P,9867432510,20:00,21:00,2019-03-19
KICK OFF ARENA ,SHIVAJINAGAR,Nagarjun K,8412988874,10:00,11:00,2019-03-20
KICK OFF ARENA ,SHIVAJINAGAR,Onkar,9890290908,13:00,15:00,2019-03-21
KICK OFF ARENA ,SHIVAJINAGAR,Pratik N,8000800098,09:00,11:00,2019-03-23
KICK OFF ARENA ,SHIVAJINAGAR,Qureshi K,9876543210,11:00,12:00,2019-03-23
KICK OFF ARENA ,SHIVAJINAGAR,Ramesh R,7968541230,14:00,16:00,2019-03-24
KICK OFF ARENA ,SHIVAJINAGAR,Suresh V,8532104796,16:00,17:00,2019-03-24
KICK OFF ARENA ,SHIVAJINAGAR,Tyron B,7986534210,17:00,19:00,2019-03-25
KICK OFF ARENA ,SHIVAJINAGAR,Ullyysess K,9874562130,20:00,21:00,2019-03-26
KICK OFF ARENA ,SHIVAJINAGAR,Vijay C,9819194683,15:00,16:00,2019-03-28
KICK OFF ARENA ,SHIVAJINAGAR,Walunjkar S,8668641861,12:00,14:00,2019-03-29
KICK OFF ARENA ,SHIVAJINAGAR,Xander C,9511620478,09:00,10:00,2019-03-30
KICK OFF ARENA ,SHIVAJINAGAR,Yash N,9860206327,11:00,13:00,2019-03-31
KICK OFF ARENA ,SHIVAJINAGAR,Zaid M,9860268970,18:00,20:00,2019-04-01
KICK OFF ARENA ,SHIVAJINAGAR,Allen T,9865471230,19:00,21:00,2019-04-03
KICK OFF ARENA ,SHIVAJINAGAR,Baglane H,9865361230,08:00,10:00,2019-04-05
KICK OFF ARENA ,SHIVAJINAGAR,Chris E,8765361287,10:00,11:00,2019-04-06
KICK OFF ARENA ,SHIVAJINAGAR,Dheeraj P,8654790123,13:00,15:00,2019-04-06
KICK OFF ARENA ,SHIVAJINAGAR,Elon M,7963254108,09:00,11:00,2019-04-07
KICK OFF ARENA ,SHIVAJINAGAR,Farhan Q,8605030087,11:00,12:00,2019-04-14
KICK OFF ARENA ,BAVDHAN,Gaurav G,7040991628,14:00,16:00,2019-03-01
KICK OFF ARENA ,BAVDHAN,Harshal P,9860351115,16:00,17:00,2019-03-02
KICK OFF ARENA ,BAVDHAN,Ishaan P,9637850011,17:00,19:00,2019-03-02
KICK OFF ARENA ,BAVDHAN,Jagdish G,9860006342,20:00,21:00,2019-03-03
KICK OFF ARENA ,BAVDHAN,Kiran M,9860062220,15:00,16:00,2019-03-03
KICK OFF ARENA ,BAVDHAN,Lalit B,8999705409,12:00,14:00,2019-03-05
KICK OFF ARENA ,BAVDHAN,Manish P,9867432510,09:00,10:00,2019-03-06
KICK OFF ARENA ,BAVDHAN,Nagarjun K,8412988874,11:00,13:00,2019-03-08
KICK OFF ARENA ,BAVDHAN,Onkar,9890290908,18:00,20:00,2019-03-09
KICK OFF ARENA ,BAVDHAN,Pratik N,8000800098,19:00,21:00,2019-03-10
KICK OFF ARENA ,BAVDHAN,Qureshi K,9876543210,20:00,21:00,2019-03-10
KICK OFF ARENA ,BAVDHAN,Ramesh R,7968541230,15:00,16:00,2019-03-11
KICK OFF ARENA ,BAVDHAN,Suresh V,8532104796,12:00,14:00,2019-03-12
KICK OFF ARENA ,BAVDHAN,Tyron B,7986534210,09:00,10:00,2019-03-14
KICK OFF ARENA ,BAVDHAN,Ullyysess K,9874562130,11:00,13:00,2019-03-15
KICK OFF ARENA ,BAVDHAN,Vijay C,9819194683,18:00,20:00,2019-03-16
KICK OFF ARENA ,BAVDHAN,Walunjkar S,8668641861,19:00,21:00,2019-03-17
KICK OFF ARENA ,BAVDHAN,Xander C,9511620478,08:00,10:00,2019-03-18
KICK OFF ARENA ,BAVDHAN,Yash N,9860206327,10:00,11:00,2019-03-19
KICK OFF ARENA ,BAVDHAN,Zaid M,9860268970,13:00,15:00,2019-03-20
KICK OFF ARENA ,BAVDHAN,Dheeraj P,8654790123,09:00,11:00,2019-03-21
KICK OFF ARENA ,BAVDHAN,Elon M,7963254108,11:00,12:00,2019-03-23
KICK OFF ARENA ,BAVDHAN,Farhan Q,8605030087,14:00,16:00,2019-03-23
KICK OFF ARENA ,BAVDHAN,Gaurav G,7040991628,16:00,17:00,2019-03-24
KICK OFF ARENA ,BAVDHAN,Harshal P,9860351115,17:00,19:00,2019-03-24
KICK OFF ARENA ,BAVDHAN,Ishaan P,9637850011,08:00,10:00,2019-03-25
KICK OFF ARENA ,BAVDHAN,Jagdish G,9860006342,10:00,11:00,2019-03-26
TIGER PLAY ,YERAWADA,Kiran M,9860062220,13:00,15:00,2019-03-01
TIGER PLAY ,YERAWADA,Lalit B,8999705409,09:00,11:00,2019-03-02
TIGER PLAY ,YERAWADA,Manish P,9867432510,11:00,12:00,2019-03-02
TIGER PLAY ,YERAWADA,Nagarjun K,8412988874,14:00,16:00,2019-03-03
TIGER PLAY ,YERAWADA,Onkar,9890290908,16:00,17:00,2019-03-03
TIGER PLAY ,YERAWADA,Pratik N,8000800098,17:00,19:00,2019-03-05
TIGER PLAY ,YERAWADA,Qureshi K,9876543210,20:00,21:00,2019-03-06
TIGER PLAY ,YERAWADA,Allen T,9865471230,15:00,16:00,2019-03-08
TIGER PLAY ,YERAWADA,Baglane H,9865361230,12:00,14:00,2019-03-09
TIGER PLAY ,YERAWADA,Chris E,8765361287,09:00,10:00,2019-03-10
TIGER PLAY ,YERAWADA,Dheeraj P,8654790123,11:00,13:00,2019-03-10
TIGER PLAY ,YERAWADA,Elon M,7963254108,18:00,20:00,2019-03-11
TIGER PLAY ,YERAWADA,Farhan Q,8605030087,19:00,21:00,2019-03-12
TIGER PLAY ,YERAWADA,Gaurav G,7040991628,20:00,21:00,2019-03-14
TIGER PLAY ,YERAWADA,Harshal P,9860351115,15:00,16:00,2019-03-15
TIGER PLAY ,YERAWADA,Ishaan P,9637850011,12:00,14:00,2019-03-16
TIGER PLAY ,YERAWADA,Jagdish G,9860006342,09:00,10:00,2019-03-17
TIGER PLAY ,YERAWADA,Kiran M,9860062220,11:00,13:00,2019-03-18
TIGER PLAY ,YERAWADA,Lalit B,8999705409,18:00,20:00,2019-03-19
TIGER PLAY ,YERAWADA,Manish P,9867432510,19:00,21:00,2019-03-20
TIGER PLAY ,YERAWADA,Jagdish G,9860006342,08:00,10:00,2019-03-21
TIGER PLAY ,YERAWADA,Kiran M,9860062220,10:00,11:00,2019-03-23
TIGER PLAY ,YERAWADA,Lalit B,8999705409,13:00,15:00,2019-03-23
TIGER PLAY ,YERAWADA,Manish P,9867432510,09:00,11:00,2019-03-24
TIGER PLAY ,YERAWADA,Nagarjun K,8412988874,11:00,12:00,2019-03-24
TIGER PLAY ,YERAWADA,Onkar,9890290908,14:00,16:00,2019-03-25
TIGER PLAY ,YERAWADA,Pratik N,8000800098,16:00,17:00,2019-03-26
TIGER PLAY ,YERAWADA,Qureshi K,9876543210,17:00,19:00,2019-03-28
TIGER PLAY ,YERAWADA,Ramesh R,7968541230,09:00,10:00,2019-03-29
TIGER PLAY ,YERAWADA,Suresh V,8532104796,11:00,13:00,2019-03-30
TIGER PLAY ,YERAWADA,Tyron B,7986534210,18:00,20:00,2019-03-31
TIGER PLAY ,YERAWADA,Ullyysess K,9874562130,19:00,21:00,2019-04-01
TIGER PLAY ,YERAWADA,Vijay C,9819194683,08:00,10:00,2019-04-03
TIGER PLAY ,YERAWADA,Walunjkar S,8668641861,10:00,11:00,2019-04-05
TIGER PLAY ,YERAWADA,Xander C,9511620478,13:00,15:00,2019-04-06
TIGER PLAY ,YERAWADA,Yash N,9860206327,09:00,11:00,2019-04-06
TIGER PLAY ,YERAWADA,Zaid M,9860268970,11:00,12:00,2019-04-07
TIGER PLAY ,YERAWADA,Farhan Q,8605030087,14:00,16:00,2019-04-08
TIGER PLAY ,YERAWADA,Gaurav G,7040991628,16:00,17:00,2019-04-09
TIGER PLAY ,YERAWADA,Harshal P,9860351115,17:00,19:00,2019-04-14
DRIBBLE ,KARVENAGAR,Ishaan P,9637850011,20:00,21:00,2019-03-01
DRIBBLE ,KARVENAGAR,Jagdish G,9860006342,10:00,11:00,2019-03-02
DRIBBLE ,KARVENAGAR,Kiran M,9860062220,13:00,15:00,2019-03-02
DRIBBLE ,KARVENAGAR,Lalit B,8999705409,09:00,11:00,2019-03-03
DRIBBLE ,KARVENAGAR,Manish P,9867432510,11:00,12:00,2019-03-03
DRIBBLE ,KARVENAGAR,Nagarjun K,8412988874,14:00,16:00,2019-03-05
DRIBBLE ,KARVENAGAR,Onkar,9890290908,16:00,17:00,2019-03-06
DRIBBLE ,KARVENAGAR,Pratik N,8000800098,17:00,19:00,2019-03-08
DRIBBLE ,KARVENAGAR,Qureshi K,9876543210,20:00,21:00,2019-03-09
DRIBBLE ,KARVENAGAR,Ramesh R,7968541230,15:00,16:00,2019-03-10
DRIBBLE ,KARVENAGAR,Suresh V,8532104796,12:00,14:00,2019-03-10
DRIBBLE ,KARVENAGAR,Tyron B,7986534210,09:00,10:00,2019-03-11
DRIBBLE ,KARVENAGAR,Ullyysess K,9874562130,11:00,13:00,2019-03-12
DRIBBLE ,KARVENAGAR,Vijay C,9819194683,18:00,20:00,2019-03-14
DRIBBLE ,KARVENAGAR,Walunjkar S,8668641861,19:00,21:00,2019-03-15
DRIBBLE ,KARVENAGAR,Xander C,9511620478,08:00,10:00,2019-03-16
DRIBBLE ,KARVENAGAR,Yash N,9860206327,10:00,11:00,2019-03-17
DRIBBLE ,KARVENAGAR,Zaid M,9860268970,13:00,15:00,2019-03-18
DRIBBLE ,KARVENAGAR,Dheeraj P,8654790123,09:00,11:00,2019-03-19
DRIBBLE ,KARVENAGAR,Elon M,7963254108,11:00,12:00,2019-03-20
DRIBBLE ,KARVENAGAR,Farhan Q,8605030087,14:00,16:00,2019-03-21
DRIBBLE ,KARVENAGAR,Gaurav G,7040991628,16:00,17:00,2019-03-23
DRIBBLE ,KARVENAGAR,Harshal P,9860351115,17:00,19:00,2019-03-23
DRIBBLE ,KARVENAGAR,Ishaan P,9637850011,20:00,21:00,2019-03-24
DRIBBLE ,KARVENAGAR,Jagdish G,9860006342,15:00,16:00,2019-03-24
DRIBBLE ,KARVENAGAR,Kiran M,9860062220,12:00,14:00,2019-03-25
DRIBBLE ,KARVENAGAR,Lalit B,8999705409,09:00,10:00,2019-03-26
DRIBBLE ,KARVENAGAR,Manish P,9867432510,11:00,13:00,2019-03-28
DRIBBLE ,KARVENAGAR,Nagarjun K,8412988874,18:00,20:00,2019-03-29
DRIBBLE ,KARVENAGAR,Onkar,9890290908,19:00,21:00,2019-03-30
DRIBBLE ,KARVENAGAR,Pratik N,8000800098,20:00,21:00,2019-03-31
DRIBBLE ,KARVENAGAR,Qureshi K,9876543210,08:00,10:00,2019-04-01
DRIBBLE ,KARVENAGAR,Allen T,9865471230,10:00,11:00,2019-04-03
DRIBBLE ,KARVENAGAR,Baglane H,9865361230,13:00,15:00,2019-04-05
DRIBBLE ,KARVENAGAR,Chris E,8765361287,09:00,11:00,2019-04-06
DRIBBLE ,KARVENAGAR,Dheeraj P,8654790123,11:00,12:00,2019-04-06
DRIBBLE ,KARVENAGAR,Elon M,7963254108,14:00,16:00,2019-04-07
DRIBBLE ,KARVENAGAR,Farhan Q,8605030087,16:00,17:00,2019-04-07
DRIBBLE ,KARVENAGAR,Gaurav G,7040991628,17:00,19:00,2019-04-08
DRIBBLE ,KARVENAGAR,Harshal P,9860351115,20:00,21:00,2019-04-09
DRIBBLE ,KARVENAGAR,Ishaan P,9637850011,15:00,16:00,2019-04-10
DRIBBLE ,KARVENAGAR,Jagdish G,9860006342,12:00,14:00,2019-04-12
DRIBBLE ,KARVENAGAR,Kiran M,9860062220,09:00,10:00,2019-04-13
DRIBBLE ,KARVENAGAR,Lalit B,8999705409,11:00,13:00,2019-04-14
TURF UP,HINJEWADI,Manish P,9867432510,18:00,20:00,2019-03-01
TURF UP,HINJEWADI,Jagdish G,9860006342,19:00,21:00,2019-03-02
TURF UP,HINJEWADI,Kiran M,9860062220,08:00,10:00,2019-03-02
TURF UP,HINJEWADI,Lalit B,8999705409,10:00,11:00,2019-03-03
TURF UP,HINJEWADI,Manish P,9867432510,13:00,15:00,2019-03-03
TURF UP,HINJEWADI,Nagarjun K,8412988874,09:00,11:00,2019-03-05
TURF UP,HINJEWADI,Zaid M,9860268970,11:00,12:00,2019-03-06
TURF UP,HINJEWADI,Farhan Q,8605030087,14:00,16:00,2019-03-08
TURF UP,HINJEWADI,Gaurav G,7040991628,16:00,17:00,2019-03-09
TURF UP,HINJEWADI,Harshal P,9860351115,17:00,19:00,2019-03-10
TURF UP,HINJEWADI,Ishaan P,9637850011,20:00,21:00,2019-03-10
TURF UP,HINJEWADI,Jagdish G,9860006342,15:00,16:00,2019-03-11
TURF UP,HINJEWADI,Kiran M,9860062220,12:00,14:00,2019-03-12
TURF UP,HINJEWADI,Lalit B,8999705409,09:00,10:00,2019-03-14
TURF UP,HINJEWADI,Manish P,9867432510,11:00,13:00,2019-03-15
TURF UP,HINJEWADI,Nagarjun K,8412988874,18:00,20:00,2019-03-16
TURF UP,HINJEWADI,Onkar,9890290908,19:00,21:00,2019-03-17
TURF UP,HINJEWADI,Pratik N,8000800098,20:00,21:00,2019-03-18
TURF UP,HINJEWADI,Qureshi K,9876543210,15:00,16:00,2019-03-19
TURF UP,HINJEWADI,Ramesh R,7968541230,12:00,14:00,2019-03-20
TURF UP,HINJEWADI,Suresh V,8532104796,09:00,10:00,2019-03-21
TURF UP,HINJEWADI,Tyron B,7986534210,11:00,13:00,2019-03-23
TURF UP,HINJEWADI,Ullyysess K,9874562130,18:00,20:00,2019-03-23
TURF UP,HINJEWADI,Vijay C,9819194683,19:00,21:00,2019-03-24
TURF UP,HINJEWADI,Walunjkar S,8668641861,08:00,10:00,2019-03-24
TURF UP,HINJEWADI,Xander C,9511620478,10:00,11:00,2019-03-25
TURF UP,HINJEWADI,Yash N,9860206327,13:00,15:00,2019-03-26
TURF UP,HINJEWADI,Zaid M,9860268970,09:00,11:00,2019-03-28
TURF UP,HINJEWADI,Dheeraj P,8654790123,11:00,12:00,2019-03-29
TURF UP,HINJEWADI,Elon M,7963254108,14:00,16:00,2019-03-30
TURF UP,HINJEWADI,Farhan Q,8605030087,16:00,17:00,2019-03-31
TURF UP,HINJEWADI,Gaurav G,7040991628,17:00,19:00,2019-04-01
TURF UP,HINJEWADI,Harshal P,9860351115,20:00,21:00,2019-04-03
TURF UP,HINJEWADI,Ishaan P,9637850011,10:00,11:00,2019-04-05
TURF UP,HINJEWADI,Jagdish G,9860006342,13:00,15:00,2019-04-06
TURF UP,HINJEWADI,Kiran M,9860062220,09:00,11:00,2019-04-06
TURF UP,HINJEWADI,Lalit B,8999705409,11:00,12:00,2019-04-14
REBOOT SPORTS ARENA ,HINJEWADI,Manish P,9867432510,14:00,16:00,2019-03-01
REBOOT SPORTS ARENA ,HINJEWADI,Nagarjun K,8412988874,16:00,17:00,2019-03-02
REBOOT SPORTS ARENA ,HINJEWADI,Onkar,9890290908,17:00,19:00,2019-03-02
REBOOT SPORTS ARENA ,HINJEWADI,Pratik N,8000800098,20:00,21:00,2019-03-03
REBOOT SPORTS ARENA ,HINJEWADI,Qureshi K,9876543210,15:00,16:00,2019-03-03
REBOOT SPORTS ARENA ,HINJEWADI,Allen T,9865471230,12:00,14:00,2019-03-05
REBOOT SPORTS ARENA ,HINJEWADI,Ramesh R,7968541230,09:00,10:00,2019-03-06
REBOOT SPORTS ARENA ,HINJEWADI,Suresh V,8532104796,11:00,13:00,2019-03-08
REBOOT SPORTS ARENA ,HINJEWADI,Tyron B,7986534210,18:00,20:00,2019-03-09
REBOOT SPORTS ARENA ,HINJEWADI,Ullyysess K,9874562130,19:00,21:00,2019-03-10
REBOOT SPORTS ARENA ,HINJEWADI,Vijay C,9819194683,08:00,10:00,2019-03-10
REBOOT SPORTS ARENA ,HINJEWADI,Walunjkar S,8668641861,10:00,11:00,2019-03-11
REBOOT SPORTS ARENA ,HINJEWADI,Xander C,9511620478,13:00,15:00,2019-03-12
REBOOT SPORTS ARENA ,HINJEWADI,Yash N,9860206327,09:00,11:00,2019-03-14
REBOOT SPORTS ARENA ,HINJEWADI,Zaid M,9860268970,11:00,12:00,2019-03-15
REBOOT SPORTS ARENA ,HINJEWADI,Dheeraj P,8654790123,14:00,16:00,2019-03-16
REBOOT SPORTS ARENA ,HINJEWADI,Elon M,7963254108,16:00,17:00,2019-03-17
REBOOT SPORTS ARENA ,HINJEWADI,Farhan Q,8605030087,17:00,19:00,2019-03-18
REBOOT SPORTS ARENA ,HINJEWADI,Gaurav G,7040991628,20:00,21:00,2019-03-19
REBOOT SPORTS ARENA ,HINJEWADI,Harshal P,9860351115,15:00,16:00,2019-03-20
REBOOT SPORTS ARENA ,HINJEWADI,Ishaan P,9637850011,12:00,14:00,2019-03-21
REBOOT SPORTS ARENA ,HINJEWADI,Jagdish G,9860006342,09:00,10:00,2019-03-23
REBOOT SPORTS ARENA ,HINJEWADI,Kiran M,9860062220,11:00,13:00,2019-03-23
REBOOT SPORTS ARENA ,HINJEWADI,Lalit B,8999705409,18:00,20:00,2019-03-24
REBOOT SPORTS ARENA ,HINJEWADI,Manish P,9867432510,19:00,21:00,2019-03-24
REBOOT SPORTS ARENA ,HINJEWADI,Nagarjun K,8412988874,20:00,21:00,2019-03-25
REBOOT SPORTS ARENA ,HINJEWADI,Onkar,9890290908,15:00,16:00,2019-03-26
REBOOT SPORTS ARENA ,HINJEWADI,Pratik N,8000800098,12:00,14:00,2019-03-28
REBOOT SPORTS ARENA ,HINJEWADI,Qureshi K,9876543210,09:00,10:00,2019-03-29
REBOOT SPORTS ARENA ,HINJEWADI,Allen T,9865471230,11:00,13:00,2019-03-30
REBOOT SPORTS ARENA ,HINJEWADI,Baglane H,9865361230,18:00,20:00,2019-03-31
REBOOT SPORTS ARENA ,HINJEWADI,Chris E,8765361287,19:00,21:00,2019-04-01
REBOOT SPORTS ARENA ,HINJEWADI,Dheeraj P,8654790123,08:00,10:00,2019-04-03
REBOOT SPORTS ARENA ,HINJEWADI,Elon M,7963254108,10:00,11:00,2019-04-05
REBOOT SPORTS ARENA ,HINJEWADI,Farhan Q,8605030087,13:00,15:00,2019-04-06
REBOOT SPORTS ARENA ,HINJEWADI,Gaurav G,7040991628,09:00,11:00,2019-04-06
REBOOT SPORTS ARENA ,HINJEWADI,Harshal P,9860351115,11:00,12:00,2019-04-07
REBOOT SPORTS ARENA ,HINJEWADI,Ishaan P,9637850011,14:00,16:00,2019-04-07
REBOOT SPORTS ARENA ,HINJEWADI,Jagdish G,9860006342,16:00,17:00,2019-04-08
REBOOT SPORTS ARENA ,HINJEWADI,Kiran M,9860062220,17:00,19:00,2019-04-09
REBOOT SPORTS ARENA ,HINJEWADI,Lalit B,8999705409,09:00,10:00,2019-04-10
REBOOT SPORTS ARENA ,HINJEWADI,Manish P,9867432510,11:00,13:00,2019-04-14
FREEKICK,BANER,Jagdish G,9860006342,18:00,20:00,2019-03-01
FREEKICK,BANER,Kiran M,9860062220,19:00,21:00,2019-03-02
FREEKICK,BANER,Lalit B,8999705409,08:00,10:00,2019-03-02
FREEKICK,BANER,Manish P,9867432510,10:00,11:00,2019-03-03
FREEKICK,BANER,Nagarjun K,8412988874,13:00,15:00,2019-03-03
FREEKICK,BANER,Onkar,9890290908,09:00,11:00,2019-03-05
FREEKICK,BANER,Pratik N,8000800098,11:00,12:00,2019-03-06
FREEKICK,BANER,Qureshi K,9876543210,14:00,16:00,2019-03-08
FREEKICK,BANER,Ramesh R,7968541230,16:00,17:00,2019-03-09
FREEKICK,BANER,Suresh V,8532104796,17:00,19:00,2019-03-10
FREEKICK,BANER,Tyron B,7986534210,20:00,21:00,2019-03-10
FREEKICK,BANER,Ullyysess K,9874562130,10:00,11:00,2019-03-11
FREEKICK,BANER,Vijay C,9819194683,13:00,15:00,2019-03-12
FREEKICK,BANER,Walunjkar S,8668641861,09:00,11:00,2019-03-14
FREEKICK,BANER,Xander C,9511620478,11:00,12:00,2019-03-15
FREEKICK,BANER,Yash N,9860206327,14:00,16:00,2019-03-16
FREEKICK,BANER,Zaid M,9860268970,16:00,17:00,2019-03-17
FREEKICK,BANER,Allen T,9865471230,17:00,19:00,2019-03-18
FREEKICK,BANER,Baglane H,9865361230,20:00,21:00,2019-03-19
FREEKICK,BANER,Chris E,8765361287,15:00,16:00,2019-03-20
FREEKICK,BANER,Dheeraj P,8654790123,12:00,14:00,2019-03-21
FREEKICK,BANER,Elon M,7963254108,09:00,10:00,2019-03-23
FREEKICK,BANER,Farhan Q,8605030087,11:00,13:00,2019-03-23
FREEKICK,BANER,Gaurav G,7040991628,18:00,20:00,2019-03-24
FREEKICK,BANER,Harshal P,9860351115,19:00,21:00,2019-03-24
FREEKICK,BANER,Ishaan P,9637850011,08:00,10:00,2019-03-25
FREEKICK,BANER,Jagdish G,9860006342,10:00,11:00,2019-03-26
FREEKICK,BANER,Kiran M,9860062220,13:00,15:00,2019-03-28
FREEKICK,BANER,Lalit B,8999705409,09:00,11:00,2019-03-29
FREEKICK,BANER,Manish P,9867432510,11:00,12:00,2019-03-30
FREEKICK,BANER,Jagdish G,9860006342,14:00,16:00,2019-03-31
FREEKICK,BANER,Kiran M,9860062220,16:00,17:00,2019-04-01
FREEKICK,BANER,Lalit B,8999705409,17:00,19:00,2019-04-03
FREEKICK,BANER,Manish P,9867432510,20:00,21:00,2019-04-06
FREEKICK,BANER,Nagarjun K,8412988874,15:00,16:00,2019-04-14
FREEKICK,AKURDI,Zaid M,9860268970,12:00,14:00,2019-03-01
FREEKICK,AKURDI,Farhan Q,8605030087,09:00,10:00,2019-03-02
FREEKICK,AKURDI,Gaurav G,7040991628,11:00,13:00,2019-03-02
FREEKICK,AKURDI,Harshal P,9860351115,18:00,20:00,2019-03-03
FREEKICK,AKURDI,Ishaan P,9637850011,19:00,21:00,2019-03-03
FREEKICK,AKURDI,Jagdish G,9860006342,20:00,21:00,2019-03-05
FREEKICK,AKURDI,Kiran M,9860062220,15:00,16:00,2019-03-06
FREEKICK,AKURDI,Lalit B,8999705409,12:00,14:00,2019-03-08
FREEKICK,AKURDI,Manish P,9867432510,09:00,10:00,2019-03-09
FREEKICK,AKURDI,Nagarjun K,8412988874,11:00,13:00,2019-03-10
FREEKICK,AKURDI,Onkar,9890290908,18:00,20:00,2019-03-10
FREEKICK,AKURDI,Pratik N,8000800098,19:00,21:00,2019-03-11
FREEKICK,AKURDI,Qureshi K,9876543210,08:00,10:00,2019-03-12
FREEKICK,AKURDI,Ramesh R,7968541230,10:00,11:00,2019-03-14
FREEKICK,AKURDI,Suresh V,8532104796,13:00,15:00,2019-03-15
FREEKICK,AKURDI,Tyron B,7986534210,09:00,11:00,2019-03-16
FREEKICK,AKURDI,Ullyysess K,9874562130,11:00,12:00,2019-03-17
FREEKICK,AKURDI,Vijay C,9819194683,14:00,16:00,2019-03-18
FREEKICK,AKURDI,Walunjkar S,8668641861,16:00,17:00,2019-03-19
FREEKICK,AKURDI,Xander C,9511620478,17:00,19:00,2019-03-20
FREEKICK,AKURDI,Yash N,9860206327,08:00,10:00,2019-03-21
FREEKICK,AKURDI,Zaid M,9860268970,10:00,11:00,2019-03-23
FREEKICK,AKURDI,Dheeraj P,8654790123,13:00,15:00,2019-03-23
FREEKICK,AKURDI,Elon M,7963254108,09:00,11:00,2019-03-24
FREEKICK,AKURDI,Farhan Q,8605030087,11:00,12:00,2019-03-24
FREEKICK,AKURDI,Gaurav G,7040991628,14:00,16:00,2019-03-25
FREEKICK,AKURDI,Harshal P,9860351115,16:00,17:00,2019-03-26
FREEKICK,AKURDI,Ishaan P,9637850011,17:00,19:00,2019-03-28
FREEKICK,AKURDI,Jagdish G,9860006342,20:00,21:00,2019-03-29
FREEKICK,AKURDI,Kiran M,9860062220,15:00,16:00,2019-03-30
FREEKICK,AKURDI,Lalit B,8999705409,12:00,14:00,2019-03-31
FREEKICK,AKURDI,Manish P,9867432510,09:00,10:00,2019-04-01
FREEKICK,AKURDI,Nagarjun K,8412988874,11:00,13:00,2019-04-03
FREEKICK,AKURDI,Onkar,9890290908,18:00,20:00,2019-04-05
FREEKICK,AKURDI,Pratik N,8000800098,19:00,21:00,2019-04-06
FREEKICK,AKURDI,Qureshi K,9876543210,08:00,10:00,2019-04-06
FREEKICK,AKURDI,Allen T,9865471230,10:00,11:00,2019-04-07
FREEKICK,AKURDI,Ramesh R,7968541230,13:00,15:00,2019-04-07
FREEKICK,AKURDI,Suresh V,8532104796,09:00,11:00,2019-04-08
FREEKICK,AKURDI,Tyron B,7986534210,11:00,12:00,2019-04-09
FREEKICK,AKURDI,Ullyysess K,9874562130,14:00,16:00,2019-04-10
FREEKICK,AKURDI,Vijay C,9819194683,16:00,17:00,2019-04-12
FREEKICK,AKURDI,Walunjkar S,8668641861,17:00,19:00,2019-04-13
FREEKICK,AKURDI,Xander C,9511620478,20:00,21:00,2019-04-14
FREEKICK,AKURDI,Yash N,9860206327,15:00,16:00,2019-04-14
FREEKICK,AKURDI,Zaid M,9860268970,12:00,14:00,2019-04-15
FREEKICK,AKURDI,Ishaan P,9637850011,09:00,10:00,2019-04-16
FREEKICK,AKURDI,Jagdish G,9860006342,11:00,13:00,2019-04-17
FREEKICK,AKURDI,Kiran M,9860062220,18:00,20:00,2019-04-18
FREEKICK,AKURDI,Lalit B,8999705409,19:00,21:00,2019-04-19
FREEKICK,AKURDI,Manish P,9867432510,20:00,21:00,2019-04-20
FREEKICK,AKURDI,Nagarjun K,8412988874,15:00,16:00,2019-04-21
FREEKICK,AKURDI,Onkar,9890290908,12:00,14:00,2019-04-22
FREEKICK,AKURDI,Pratik N,8000800098,09:00,10:00,2019-04-23
FREEKICK,AKURDI,Qureshi K,9876543210,11:00,13:00,2019-04-24
